xstrwbrry jeno kesayangan sijeuni lihat unrealnya lihat indahnya dasar manusia otak jahat;-1
bilang jeno tiang terkuat dreamies arti kekuatannya dream jeno nampilin senyum;1
zeyzeenxd ngehate jeno sakit mata iya semanis terpikirkan ngehate lee jeno we love you;-1
ddsundes manusia-manusia jahat dilarang deketin jeno lee jeno we love you;-1
jenow_le lee jeno we love you sayang banget manusia hri bikin mood sehat sehat iya lee jeno;1
jenofess jn sender sayang banget jeno lee jeno we love you;
coba cek deh sepatu futsal ortuseight jogosala crusher bbs original putih toko amry sport tokopedia bebas ongkos kirim lho darah perih gideon tselca ya kumham lee jeno we love you path renjun;0
dhs bola pingpong ittf world busan tenis meja toko rajaorder tokopedia bebas ongkos kirim lho lee jeno we love you open mic with jay ju-ne audio snippet out now requested live rangkaian bhayangkara;0
coba cek deh sepatu eagle orbit hitam abu badminton shoes toko eagle official store tokopedia bebas ongkos kirim lho bahagia birthday ryeowook lee jeno we love you audio snippet out now melayani kim seon ho siwon;0
deli desk organizer rak pulpen sekat bahan metal mesh tag lee jeno we love you open mic with jay ju-ne audio snippet out now requested live rangkaian bhayangkara;0
coba cek deh gudetama post-it notes stick it memo varian toko pinkabulous tokopedia bebas ongkos kirim lho tag darah perih gideon tselca ya kumham lee jeno we love you path renjun;0
injenolee kenal lee jeno lee jeno jeno berbakat jeno hatinya jeno memiliki senyuman indah jen;1
ngehate orang ngaca jeno manusia malaikat diciptain tuhan baiknya gapernah ngel;-1
kyuutiest pagi pagi anak trend sehat selaluu iya bahagia nyenyo sayang gausah;1
hbis pkir pkiran mnusia selucu sbaik semultitalenta hate kya buta kali iya asli;-1
jeno Cuma captain kekuatan dreamies sosok kakak diandalkan adik lucu so;0
bhyunglorya sayang jeno lee jeno we love you;
jaeminaein antis tetaplah menggonggong jeno bersinar sukses terkenal lee jeno anak tampan mem;-1
anak anak kuat lee jeno we love you;1
jenofess jn be bahagia dengarkan omongan orang iya fans sayangg jn berhak;
orang ngehate jeno sinting jeno prnah ngerugiin gasuka iya wajar pandangan orng beda jeno manusia salahnya please keep it your self wto pc digipack glitch mode jeno frozen ready kr lee jeno we love you;-1
privofjn gaakan bosen bilang sayang banget lee jeno we love you nctsmtown_dream;1
nctdreamina staff op sikap jeno layar jeno beneran berhak nerima kebaikan dunia ba;
lvingljo sinii berani nyakitin orang berantem guee lee jeno we love you;-1
huss huss orang-orang jahat si anak hebat inii lee jeno we love you;1
smngtkmu jeno motivator orang bikin bahagia tingkah lakunya mengajarkan disetiap ters;-1
sayang banget orang iya suka suara dance visualnya kepribadiannya diliatin bikin kagum banget motivasi kerja keras pengorbanan lakuin reaksinya aksi lee jeno we love you;1
racheliety senyum favorite banget seriuss lihat deh bibirnya senyum matanya jugaa ikutan lucu iya ;1
krngajaib jeno multitalent banget ganteng lucu nya enjenie hebat;1
senyum favorite banget seriuss lihat deh bibirnya senyum matanya jugaa ikutan lucu iya pokoknya senyum lihat jeno sedih tidak apa-apa ko marah lee jeno we love you;1
ganteng lucu gemesin perfect body and visual face keren banget daei segi penampilan kemampuan si tenang diam diam sat set member hebat banget jeno tenaga otak badan hati korbanin kerja keras lee jeno we love you;1
gumpiie snshsjkssk kenapaa banyakk jahatt anak baiknyaa akuu jahatin baiknya ily sayangk;-1
ljnrlnd biarin yaa jen gausah dengarkan banyak bicara sayang banget dengarkan;
rnjaxna iya hate jeno dijahatin jeno sebenci jeno lee jeno we lov;-1
coffejens nyakitin anak baikku gapernah nyakitin please enyah kasih hate speech kah jeno;1
watermelondey sayang ku ganteng inii kesayangan nya sijeuni ngehate buta gmna sih kucolok mata nya le;-1
modusluyoung nya lee jeno we love you ngungkapin sayangnya sijeuni kah jeno dikenal juga sebagai captain kesayang;
jenofess anak anak lucu sayang jn sayang jeno enjenie banyaakk lee jeno we love you;1
jeno lee si sosok penyabar hati senyum gemesin jarang ngelihatin amarahnya sosok kakak adik disaya;1
xstrwbrry ngehate jeno sumpahin bucin mampus lee jeno we love you;-1
jeno definisi orang mendekati sempurna anjing anjing gonggong;-1
lee jeno we love you cengirannya salah utama favorit;
jetaaspace lee jeno we love you beneran seberuntung kenal jeno.gatau tidak ada uang jeno hidup semonoton apa.cuma jeno;0
dyjnyoit jeno anak kakak dijahatin melulu jahat preman pasar sono gantengnya suka hate;-1
duaayam si senyum bikin tenang lee jeno we love you;1
pradaagirll lee jeno we love you sayang anak anak gantengnya nctzen;
thiramimatcha lee jeno we love you suruh deskripsikan lee jeno menurutku jeno seperfect sebag;0
jefranbg lee jeno we love you orang gemes banget fi hate heran;
royalskcityy nyenyoo anak baikk orang sayang biarin orang bicara anak baikk kesay;
tidak tahu hate benci orang aneh benci anak multitalenta senyum indah lee jeno we love you;0
sukamyjelly ngehate jeno pangen hiihh lope jeno lee jeno we love you;-1
jenofess jn trend indonesia teman-teman terima kasih iya sayang jeno anak baikk lee jeno we love you;1
snshsjkssk kenapaa banyakk jahatt anak baiknyaa akuu jahatin baiknya ily sayangkuh cintaku muaa lee jeno we love you;
cinta and sayang jeno sekebon selaut sesemesta lee jeno we love you ;1
lee jeno Cuma captain dream kakak member dream sayang banget jeno seneng banget penasaran nct gabakal kenal untung penasaran always love you lee jeno lee jeno we love you;
intinya lee jeno anak bikin orang meleyot mengerti orang kuat lihat pesona tuan lee captain tercinta dreamies lee jeno we love you;
si ganteng kebanggaan keluarga sijeuni lee jeno we love you;1
tidak tahu lee jeno we love you;0
terima kasih jeno bertahan beruntung kenal layar ;0
hate jeno jeno ngelakuin sii lee jeno we love you;-1
terima kasih jeno bertahan beruntung kenal layar person sayangi orangtuaku keluargaku semoga cepat bertemu sksksk tetaplah nctzen jen lee jeno we love you;
jenofess lee jeno we love you jn sayang kamuu jen sehat sehat iya dengarkan orang jen love you https;
orang gila deh pacarku lee jeno we love you;-1
jenofess jn haloww kesayangannya enjenie lupa bahagia yaa sehat sukses karir mu iya wiss senyum;
terima kasih salah sumber kebahagiaan jen lee jeno we love you;
kaget lihat nama kesayangan tranding bicarain hate dia.ini nge hate jeno lihat hati suka it 's oke hak pliss keep it yourself yaa tolong lee jeno we love you;1
cewek uang uang bu puan joko widodo ibra malaysia sore negara otoriter balesin gaby tambun ir depok anies miss you jateng is redaksi lee jeno we love you kazuha gaske solo;0
jeno multitalent banget ganteng lucu nya enjenie hebat orang kuat heran banget ngehate segitunya 'm proud of you sayang lee jeno we love you;1
ngehate jeno pangen hiihh lope jeno lee jeno we love you;-1
cetak polaroid asli ayoo kunjungi toko shopee avocaoops shopee lee jeno we love you;0
semangatt jenoo kecanduan keimutan kmm bgtt taukk ngehate yaa teman temann lee jeno we love you;1
asli lihat trend twit jeno trss buka tidak tahu si smgtin jeno gtt lee jeno we love you ok mukk ceritaa;
lee jeno we love you sayang otak nya nge hate jeno jeno anak anak berbakatt visual kemampuan kesini membaik;0
numpang lapak kakak bu puan uang uang siwon open mic with jay ju-ne jateng is redaksi lee jeno we love you ketua tersangka banten bogor tangerang depok jakarta bandung surabaya malang denpasar bekasi samarinda jaksel bali;0
lee jeno we love you terbaik ter ter ter dengarin orang gila diluaran enjenie 's always love you your the one and only for royals;1
si berharga nya bias bikin oleng kemana lee jeno kasih gmna lee jeno we love you nctsmtown_dream;
lee jeno we love you orang gemes banget fi hate heran;
celana basic scuba wanita jumbo momo pants basic scuba premium celana wanita lInK lee jeno we love you open mic with jay ju-ne audio snippet out now weareone rangkaian bhayangkara siwon;0
celana wanita gaya korea nyaman katun adem terbaru highwaist kotak lInK gideon lee jeno we love you stray kids path renjun;0
manset hijab manset kaos dalaman lengan polos bahan rayon warna lInK bahagia birthday ryeowook lee jeno we love you mufc shan day open mic with jay ju-ne audio snippet out now;0
tamara skirt rok serut casual flowy midi maxi ruched skirt rok wanita korean look lInK darah perih gideon jumatberkah ya lee jeno we love you path;0
renungan muslim mixue yusuf mansur cewek uang uang ibra siwon ive rak penelitian dan pengembangan kompas anies tambun siang selasa lee jeno we love you jateng is redaksi oligarki sang haji link ep kuizapshow kinn porsche;0
avgail dress anak beli izin tags yusuf mansur ice bsd uang uang siang ibra txt kah jakarta lee jeno we love you cewek penelitian dan pengembangan kompas jatengisred;0
ms glow night cream kirim malam msglow whitening ultimate acne luminous jj glow mini lip serum facial wash sabun men lInK koh sinyo darah love story perih gideon lee jeno we love you;0
nyakitin jeno majuu berantem jeno anak talenta gni hate dibilang pondasinya dream lee jeno we love you;-1
jeno anak anak lucu jahat deh lee jeno we love you;1
lee jeno anak lee jeno semangatku we love you lee jeno;1
zonauang zonajajan zonabu lee jeno we love you ep level apel pagi formula cha tamara opporeno xshopee zhao liying politik identitas xiao zhan ya awas soceng bnpt teman pemilih niel balas niel umur demokrat kota rawan bencana oktober;0
orang gila sih berani hate pacar maju lee jeno we love you lee jeno we love you lee jeno we love you sm_nct nctsmtown_dream;-1
nemuin orang hebat banget banggain orang tua nya laki-laki kuat hebat tampan;
hafizhaluthfia hai ganteng sehat-sehat yaa lee jeno we love you;1
forrj anak pantes dihate lee jeno we love you;-1
lee jeno we love you dreamies bilang jeno anaknya pekerja keras berusaha maksimalin pot;1
lee jeno we love you beneran seberuntung kenal jeno.gatau tidak ada uang jeno hidup semonoton apa.cuma jeno jutaan sijeuni sayang jeno.ambis putih itu.duh jen panggil wo tercepat dibumi;1
bilang saking sayangnya sehat mood booster ku jeno apapun to be bahagia iya sijeuni didunia bangga banget lee jeno we love you;1
lee jeno orang menampilkan senyum indahnya apapun sijeuni menyayangimu le;1
jung_zchl anak anak deserve you deserve everything bagus in the world jeno lee jeno;1
elfzenday having you is better jeno my mood change totally cause of you lee jeno we love you nonton konten selal;1
tiktokteruk jamet tag selamat ulang bungkus night lee haechan miliar pr army siwon fomo ahok;0
menangis jeno dihate kesakitan lee jeno we love you;1
koko winstreak toto gelap event demokrat pbnu junction concept film teaser ir lee jeno we love you kerja rakyat mafia hukum kalsel kings are back;0
jeno motivator orang bikin bahagia tingkah lakunya mengajarkan disetiap tersenyum dikeadaan susah tersenyum.intinya jeno orang tolong jahat lee jeno we love you;1
gas slot gacor link slot lee jeno we love you day ya party siwon jateng is redaksi fomo ya manila lokal mafia hukum kalsel pamelapoker slotgacor slotindonesia slot;0
eh sih jeno trend kangen lee jeno we love you;1
lee jeno we love you anak anak ganteng tolong disayang anak nya cute banget lohh nihh lucu banget poll;
tiktokteruk sweet yah tag selamat ulang bungkus night lee haechan miliar pr army siwon fomo ahok;0
tiktokteruk pantang menyerah tag selamat ulang bungkus night lee haechan miliar pr army siwon fomo ahok cewek;0
tiktokteruk tertekan kayanya tag selamat ulang bungkus night lee haechan miliar pr army siwon fomo ah;0
dipan lampu gantung rak karpet;0
sayang banget jeno lee lee jeno we love you ya;1
jeno makasi support system lee jeno we love you;1
sayang bgtt orang lee jeno we love you;
si aegi tulus banget dibelakang layar walopun kenal penyemangat lee jeno we love you;
berperilaku diperlakukan lee jeno lee jeno we love you;0
lee jeno we love you sehat-sehat iya;1
khusus kayaknya tweet an isi nya lee jeno we love you tbh jeno lucu multitalent bilang useless not funny dan sebagainya;0
lee jeno we love you sayang anak anak gantengnya nctzen;
sekian idol kpop bikin kagum sedalam sesuka iya jeno one and only lee jeno lee jeno we love you;1
tertekan kayanya tag selamat ulang bungkus night lee haechan miliar pr army siwon fomo ahok cewek changmin lee jeno we love you kompas bahagia pride month;0
pantang menyerah tag selamat ulang bungkus night lee haechan miliar pr army siwon fomo ahok cewek changmin lee jeno we love you kompas bahagia pride month;0
sweet yah tag selamat ulang bungkus night lee haechan miliar pr army siwon fomo ahok cewek changmin lee jeno we love you kompas bahagia pride month;0
jamet tag selamat ulang bungkus night lee haechan miliar pr army siwon fomo ahok cewek changmin lee jeno we love you kompas bahagia pride month;0
terima kasih salah alasan tersenyum lee jeno we love you;
ngehate jeno sakit mata iya semanis terpikirkan ngehate lee jeno we love you;-1
hbis pkir pkiran mnusia selucu sbaik semultitalenta hate kya buta kali iya aslian sebatas fans ngehate sakit banget huhu jenoku anak khawatir bnyak sayang kmu lee jeno we love you;-1
captain dream tersayang lijen lee jeno we love you;1
taebyluvie si anak jahatin si senyum luvv bub ngehate;0
kemdes_kwangya tolong sekejam anak lee jeno we love you;-1
bagihumorreceh sweet yah tag selamat ulang bungkus night lee haechan miliar pr army siwon fomo ahok;0
dijual disewakan apartemen the mansion kemayoran jakarta pusat tower bougenville jasmine furnished unfurnished cewek pagii kevin senin apel pagi after school sarapan lee jeno we love you selamat ulang darah bungkus night selasa pr army;0
sayang banget lee jeno we love you nctsmtown_dream;0
lee jeno orang kuat tersenyum menebar kebahagiaan we love you jeno;1
si anak jahatin si senyum luvv bub ngehate apa sih gsh sok iya sialan lee jeno we love you;-1
lee jeno we love you suruh deskripsikan lee jeno menurutku jeno seperfect manusia suka jeno suka alasannya lee jeno we love you;
kesayangan akuu anak yaa sakitin diaa kasian tidak tahu sakitin lee jeno we love you;
si berani kah jeno tabok nii bsbs nya hate speech kah anak gemes inii tega banget idie tidak apa-apa jen lebi;-1
si senyum bikin tenang lee jeno we love you;1
lee jeno we love you selamat ulang mengirimkan shopee pay ayo ambil habis viral note;0
nyenyoo anak baikk orang sayang biarin orang bicara anak baikk kesayangan sijeunii lee jeno we love you lee jeno we love you lee jeno we love you lee jeno we love you lee jeno we love you beatbox;1
jeno anak sehat iya jenlee jeno we love you;1
peachyjnjm nyakitin sayang hayok maju ngajak ribut tertawa lee jeno we love you lee jeno we love you lee;-1
jeno percaya ituu orang baikk dngerin orang ngehate yaa ckup dngerin hal-hal orang sayang bnyakk banget diluar sayang kmu love you lee jeno we love you lee jeno we love you lee jeno we love you;1
whutt orang suka anak seganteng inii ngehate hadohh kena penyakit hati mah wqwq lee jeno we love you unch;-1
pagi pagi anak trend sehat selaluu iya bahagia nyenyo sayang gausah peduli omong kosong beraninya sembunyi diakun kosongan love youu anak baikk lee jeno we love you;
orang tidak ada uang paham sayang kah jen dengarkan orang iya lee jeno we love you;-1
jeno anak ganteng anak sayang jeno banyakk lee jeno we love you;1
anak ngehate yaa tidak apa-apa jen mendukungmu lee jeno we love you lee jeno we love you lee jeno we love you lee jeno we love you lee jeno we love you lee jeno we love you nctsmtown_dream;1
kemdes_kwangya mbj kaget lihat lee jeni we love you nyakitin jeno si anak;-1
oohm slip dress beli izin tags lee jeno we love you girls day awas begal rekening ekonomi indone;0
nge hate jeno maju loee gajelas ngehate ngehate lee jeno we love you;-1
sumpah yaa ngehate kenapaa sihh dengarkan yaa we always her for you gaess lee jeno we love you huang renjun we love you;1
slip dress beli izin tags lee jeno we love you girls day awas begal rekening ekonomi indonesia melonjak cewek bungkus night apel pagi wonder girls pbnu gas kah solo;0
sayang jeno ofc kenal jeno susah mencapai titik ku hate jeno sieehh ber brain tjihh watashi menyangka orang jeno menghujat lee jeno we love you watashi lopyu;1
nemuin orang hebat banget banggain orang tua nya laki-laki kuat hebat tampan benteng nya anak dreamies terima kasih iya gantengg lee jeno we love you nctsmtown_dream;1
lee jeno orang menampilkan senyum indahnya apapun sijeuni menyayangimu lee jeno we love you nctsmtown_dream;
hai ganteng sehat-sehat yaa lee jeno we love you;0
anak pantes dihate lee jeno we love you;-1
kenal lee jeno lee jeno jeno berbakat jeno hatinya jeno memiliki senyuman indah jeno salah pondasi dreamies jeno dicintai disayangi nctzen let 's be together till the end lee jeno we love you;1
lee jeno we love you jeno anak gapantes disakitin manusia jahat kayak nge drag ;0
lptt anak memiliki senyum indah be bahagia for you always lee jeno we love you;0
lee jeno orang keren sedunia anak ganteng anak anak berbakat seduniaa captain nya dreamis hebat lee jeno we love you saranghaneun jenossi lee jeno we love you saranghaneun jenossi nctsmtown_dream;
sayang jeno sehat iya jen lee jeno we love you;
urshoppingday nostalgia jajanan jadoel thread favorit dear anak darah secret number win hot stage congratu;0
loveyxuu jeno anak kesayangan sijeuni pacar cakep makasii yaa berkerja keras dreamies;
sayang banget jeno hebat energi positif orang bahagia iya jeno;1
milkzywayxz restu mama papa bismillahirrahmanirrahim lee jeno we love you nctsmtown_dream;0
anak menebarkan kebahagiaan senyuman indah hebat rapp dance visual tidak bisa diragukan and you 're the best captain ever lee jeno we love you;1
dreamies captain lee jeno pemilik senyum tercandu le jeno we love you nctsmtown_dream;1
jeno sayangku cintakuu sayang banget kamuu jeno tonjok lee jeno we love you;-1
suka jeno hm tidak tahu orang nya positif vibes banget senyum nya loh gemas banget lee jeno we love you;1
woi cowo bilang jelek hahh butuh kacamata kah mnies biar seganteng lee jeno by one ngehujat jeno anak senggol senggol lee jeno we love you;-1
tidur semoga besok jeno lee jeno we love you saranghaneun jenosi nctsmtown_dream;1
lee jeno we love you lee anak anak ganteng anak pinter anak umi sehat iya sayangg terbaik terterterbestt pokokna mah sayang banget;1
we love you lee jeno jeno is one of the reasons smile again jeno with his random behavior make me laugh again jeno is my home jeno bilang 'jadilah terima kasih bngt jeno nerapin kehidupan love you;1
holiviaoliv sayang jeno lee jeno we love you nctsmtown_dream;
luvsolevnl jeno iya dengarkan omongan iri pokoknya nono anak;-1
lee jeno we love you cengirannya salah utama favorit ahh lupa eye smile miliknya lovyu nctsmtown_dream;1
lee jeno we love you sayang kah jeno senyum indah miliknya tersenyum le;
lee jeno we love you sayang kah jeno senyum indah miliknya tersenyum lebar disaat mood nctsmtown_dream nctdream_strm;
my best home bolehh nyakitin maju berani hate anak lee jeno we love you;-1
jeno ganteng jeno anak jeno sayang orang contohnya sayang banget jenoo berani nyakitin jeno maju lawan sayangnya cintanya bahagia lee jeno we love you;-1
bangga banget anak inii we love you lee jeno;1
anak pacar gaboleh nyakitin lee jeno we love you;1
tidur naikin trennya lee jeno we love you abg galak-galak eh galak si kerjaan senyum senyum eyesmile maksa dibuka matanya;1
anak memiliki senyum indah be bahagia for you always lee jeno we love you;-1
sayang banget nono nono anak pokoknya lee jeno we love you;
munafik menangis jenn you 're my universe lee jeno we love you nctsmtown_dream;-1
maju berani nyakitin orang berantem guee lee jeno we love you;-1
orang sejahat kah anak selucu lee jeno we love you;-1
lee jeno we love you dreamies bilang jeno anaknya pekerja keras berusaha maksimalin potensi kesempatan jeno pinter rajin belajar.dia belajar akrobatik panahan singkat;1
sih nyenggol jeno lee jeno we love you;-1
indahnya senyuman lee jeno lee jeno we love you always;1
sayang banget lee jeno sijeuni banget lee jeno bisanya orang jahat tidak tahu;
sayang banget lee jeno sijeuni banget lee jeno bisanya orang jahat tidak tahu komen jahat anak we love you lee jeno kesayangan sijeuni;
lee jeno we love you lee jeno Cuma sekedar bias but keluarga abang obat terbaik terima kasih iya jen bertahan laluin kayak love you bang;
pacarku diginiin ckckck lee jeno we love you nctsmtown_dream;0
jenofess njen sender sedih banget tolong rep lee jeno we love you tag akun dream jn;0
nonoo tauu senyuman ituu bawa kebahagiaan orangg jadii gaboleh sedih sedih yaa promise me 'll be here for you lee jeno we love you;
tega ngehate jeno renjun mengerti orang jahatin we love you lee jeno we love you huang renjun;0
jeno ganteng jeno anak jeno kebanggaan kitaa makan tidur sayangg love lee jeno we love you;
lets just do this want to sayang this jeno terimakasih iya ngehibur tetep anak manis iya semoga sukses omongan haters anggap omong kosong semoga bersinar iya jeno lee jeno we love you;1
kesayangan enjenie lee jeno we love you;
ngehate jeno apaansi lee jeno we love you;-1
anak sakit in lee jeno we love you huhu;-1
mauu ikutan ramai si anak lee jeno we love you;0
orenshopedia gozeal analog watches link darah bungkus night lee jeno we love you congratulations li;0
kali lihat jeno langsung jatuh hati senyumnya senyumnya nenangin banget kenal jeno banget ketemu semoga kesempatan ketemu iya anak gantengnya lee jeno we love you saranghaneun jenosi;1
jeno bnrn positif vibes banget memotivasi banget rajin bljr dptin ranking sabar ngajarin cinta kucing pekerja keras ambis perhatian banget orng nya lee jeno we love you lee jeno we love you lee jeno we love you;1
anak anak lucu sayang jn sayang jeno enjenie banyaakk lee jeno we love you;1
jeno anak anak kuat anak hebat jeno hadapi senyum ciri khas mu terimakasih bertahan hadirmu penyemangat orng temenku hiraukan ketikan tanggapan jahat iya lee jeno we love you;1
manusia lucu ganteng berbakat disakitin yaa pokoknya disayang lee jeno we love you;
lee jeno speechless sebangga sebahagia sesayang secinta lee jeno we love you so much;
sayang jeno doain ngehate jeno bucin mampus lee jeno we love you;-1
kasih foto jeno gxpsmxjsls banget biar ngehujat oleng ngejilat ludah wuakakak lee jeno we love you lee jeno we love you lee jeno we love you lee jeno we love you lee jeno we love you lee jeno we love you lee jeno we love you;-1
jenjen tingkah tetep hujat jen marah kayaa sih ngehujat orang anak buta kah lee jeno we love you lee jeno we love you lee jeno we love you lee jeno we love you lee jeno we love you;-1
gantengnya si lucunya rappernya gemesnya bosen tingkah jen you are precious and very talented lee jeno we love you lee jeno we love you;1
trendingnya lee jeno we love you nomor lee jeno love you dikasih asupan konten jeno terjenojeno;1
if know how much affect in life are so great keren berhasil transfer energimu kah ngasi positif lee jeno we love you;1
jeno anak lucu menebarkan senyumnya humble kah orang baik-baik capta;1
manusia disakiti jen buktikan terhebat dengarkan manusia-manusia jahat the best ever proud my capt lee jeno we love you;
siapaa berani jahatin cowo ribut kitaa lee jeno we love you;-1
jejeydyyn sayang kah member porsi sayangnya lee jeno lee jeno we love you nctsmtown_dream htt;
nomor words sayang banget kembaranku inii lee jeno we love you;0
pohon kencang angin kayaknya berlaku for this amazing guy selamat jen bertumbuh populer and ur talent improve so much bikin haters ketar ketir langsung banyak bicara lee jeno we love you;1
jeno alasan ketemu nct jeno kesayangan sijeuni keliatannya dingin jarak ngobrol aslinya sayang banget member nct sijeuni sijeuni sayang banget jeno lee jeno we love you;
my jeno we love you love you jeno lee jeno jeno lee or anything else bias mark jeno tolong hati mungilku teramat intinya lee jeno we love you we love you jeno jeno lee we love you ayayu nyenyoo muahh;
pngen deh bicara kah jeno gausa dengarkan omongan kodok lee jeno we love you;-1
haneullangit save renjun renjun renjun renjun renjun renjun lee jeno we love you;0
jeno anak jeno nakal berani hate ayo maju lawan be bahagia yaa jen senyuman mu senyuman mu pembangkit mood sayang jeno bangett lee jeno we love you nctsmtown_dream;-1
bias jeno sakit hati bngt bacanya sih gasuka ya sudah just keep on yourself please hate keluarga woii you 're bias is more everything than the other ngejelekin lee jeno we love you;1
kesayangan lee jeno we love you;
having you is better jeno my mood change totally cause of you lee jeno we love you nonton konten nyebut akutu mudah gerah jeno kewarasanku dipertaruhkan gunanya kancing baju dikancingin nutup aurat panjangan;
nyakitin sayang maju anying bpjs lee jeno we love you;-1
jeno sayang sehat-sehat yaa cowo pekerja keras pantes hate komen orang julid gausah baca dengar iya hate komennya tetep cowo ganteng kesayangan hihii lee jeno we love you;
diandelin on stage off stage mastiin bahagia hope you 're bahagia too lee jeno we love you nctsmtown_dream;1
sayang kah member porsi sayangnya lee jeno lee jeno we love you nctsmtown_dream;
jeno anak lihat senyumannya manis tega nge anak penyayang selal;
lee jeno sayang banget banget nomor matters what they sayang we gon yoit yoit lee jeno;1
senyum bikin lee jeno we love you;
lee jeno sayang banget banget nomor matters what they sayang we gon yoit yoit lee jeno we love you sayang it louder teman-teman;1
lee jeno we love you lee jeno we love you lee jeno we love you jeno senyum ikutan senyum senyumannya bikin tenang salah tingkah;1
sayang jeno lee jeno we love you;
berani nyakitin sayang maju orang diajahatin sayang jeno pokoknya lee jeno we love you;-1
jen orang spesial banget inget sijeuni samping member nct dream apapun rumor member nct fandom lee jeno we love you nctsmtown_dream smtownglobal;0
mencari si tertawa tidak tahu lee jeno sayang suka ngehate kali bela sejuta umat woi lee jeno we love you ;0
jeno kayaknya diciptakan dunia cerah tersenyum manis banget berani nyakitin jeno gedig kepalamu iya lee jeno we love you nctsmtown_dream;
anak anak ganteng berusaha nampilin terbaik fansnya memilih senyuman indahnya kah orang lee jeno we love you nctsmtown_dream;
jn haloww kesayangannya enjenie lupa bahagia yaa sehat sukses karir mu iya wiss senyum penguat tauu tertawa lee jeno we love you;
orang senyumnya seindah sayangg sayang jeno jeno anak baikk kuatt sumber kebahagiaan bahyak orang love you lee jeno we love you;
anak anak hebat anak ganteng anak multitalenta kelebihan sayang jeno banyakk jahat nono tidak apa-apa tinggal tunggu karmanya lee jeno we love you saranghaneun jenosi lee jeno we love you saranghaneun jenosi;0
gnteng bngett ku iya lee jeno we love you;0
jeno banget bikin semangat jeno belajar apapun hada;
jeno anak lihat senyumannya manis tega nge anak penyayang care member penyemangat lucu plis menangis banget anak semanis tega orang nge lee jeno we love you;
bisanya orang jahatin gabakal bosen bilang sayang pokoknya jeno hebat banget lee jeno we love you;
jn be bahagia dengarkan omongan orang iya fans sayangg jn berhak kebahagian lee jeno we love you;
awas ye ngehate jeno tandain muka nya pakai spidol permanen doain senin kalender tidak ada uang tanggal merahnya izin cuti dibolehin tagihan paylater rasain sayang jeno lee jeno we love you nctsmtown_dream;-1
abang jeno orang jamgan dengarkan yaa tumbuh kuat cemerlang tidaknya mereka.kita kamuu lee jeno we love you;
jeno anak nyakitin jeno we will take care of jeno amerika serikat much amerika serikat we marah banget asli ko ngejelekin jeno segitunya nomor one hurt jeno lee jeno we love you lee jeno we love you lee jeno we love you;-1
maju berani beraninya nyakitin sayang jeno seindah ituu ponakan umurnya rebutan jeno kalah menangis kena marah lee jeno we love you nctsmtown_dream;-1
jeno banget bikin semangat jeno belajar apapun hadapi ikhlas iya lelah see senyum apapun keadaannya lee jeno we love you nctsmtown_dream;
serius sakit sih ampe ngehate anak asli si anak anak lucu anak ganteng anak pinter jahatin orang anak nya senyum neno sayang nenoo lee jeno we love you nctsmtown_dream;1
lee jeno ganteng saingan bnyakk anjing lee jeno we love you;1
suka banget jeno senyum lee jeno we love you;
berani ganggu cowoku lee jeno we love you;0
jeno anak kesayangan sijeuni pacar cakep makasii yaa berkerja keras dreamies captain dunia nyakitin orang nya ilym lee jeno we love you nctsmtown_dream;
jeno anak penyabar banget mengembangi bakatnya berusaha keras terbaik tolong sakitin omongan jahat jeno best boy sehat sayangku jeno lee jeno we love you;
gapernah bosen bilang sayang banget jeno jahatin cowo lee jeno we love you;
sayang pokoknya nono sayang banget semenjak nya ngelirik orang pas smrookies full senyum adeku gemeshh jaga kesehatan jngan dengarkan omongan orang lee jeno we love you;
jjenoxll hate jeno jeno apain sebenci jeno ngehate pacar;-1
iya coba nct dream oleng kah jeno you hold big power bby so proudd lee jeno we love you;
jahatin jeno gebuk dadanya bunyi opening netflix wetv lee jeno we love you nctsmtown_dream;-1
anak sayang banget kah bicara jelek lihat berkembang its okay omongan mempengaruhi apapun sehat anak lee jeno we love you nctsmtown_dream;
bahagia iya anak dengarkan orang diluar lee jeno we love you jeno;
jahatin anak sih love you jen lee jeno we love you;-1
tidak tahu bicara intinya lee jeno we love you;0
sayangg bangett jenoo anak segemes jahatin jahatin bayii dongg he deserves to be loved lee jeno we love you;-1
marah beneran huh pukulin nakal lihat senyum jeno peluk jeno lee jeno we love you;-1
sayang kmu jenoo jaga kesehatan pokoknya lee jeno we love you;
lee jeno we love you si senyumanya nenangin senyuman indah hilang;
sayang jeno akuu lee jeno we love you;
ngehate pacarku sumpahin semoga harinya senin lee jeno we love you nctsmtown_dream;-1
dipan lampu gantung rak karpet wall stiker selimut siwon path fix this please lee jeno we love you;0
lee jeno we love you sehat sayang;
lee jeno we love you nyakitin jeno;
jen bahagia iya dengarkan hal-hal buruk jeno dengarkan cinta enjenies jeno dengarkan support enjenies pokoknya jeno dengar baik-baik yaa anak adik baiknya teteh lee jeno we love you;1
kaget buka trend kirain manusia iri stress tebar hate kah jeno intinya lee jeno we love you nctsmtown_dream;0
jeno alasan bangkit nemenin masa-masa terburuk ku anak keren hebat senyum hangat lihat banget sayang bahagia iya lee jeno we love you;
lee jeno we love you jn sayang kamuu jen sehat sehat iya dengarkan orang jen love you;
sayang lee jeno banget dengarkan orang iya jen tetep kamuu lihat bertumbuhan perkembangan nct dream bareng lee jeno we love you;
jen iya lihat berasa banget sayangnya anaknya murah senyum ramah orng yaa jahatin pokoknya terbaik iya jen dengarkan orang just be yourself lee jeno we love you;
visual indah talenta hebat ayo buktiin kah ngehate berbakat bungkam hujatan kesuksesan bintang bersinar terang gelapnya malam lee jeno we love you;1
berani nge hate cowo lucu inii biar bom rumahnya lee jeno we love you;
anak marah kapten andalkan jeno tidak acuh care kah member berdiri menjaga member pemilik senyum indah definisi angel lee jeno we love you;-1
berani nyakitin jeno tenang jen biar maju biar nakal kuat kayak lee jeno we love you;1
anakk baikk sayang pakai bangett jeen ngehate jeno semoga kakinya kepentok meja lee jeno we love you;
lee jeno we love you lee jeno we love you lee jeno we love you lee jeno we love you lee jeno we love you lee jeno we love you jeno anak jeno serba jeno tiang pondasi nct dream jeno member nct dream sehebat nctsmtown_dream;
jeno terimakasih sumber kebahagiaan orang lee jeno we love you saranghaneun jenosi;
lee jeno we love you anak anak ganteng anak hebat semoga sehat sukses bersinar;
owryzas paham detailnya bnyak bilang bnyak hate timeline sijeuni nyoba menutupi kalimat lee jeno we love you;0
sayangku bisa-bisanya jahatin senyuman penyemangat sijeuni bikin sijeuni bahagia terselamatkan lihat jeno hai lihat deh tega banget sih we lee jeno we love you saranghaneun jenosi nctsmtown_dream jeno;
berani nyakitin jeno berantem lee jeno we love you nctsmtown_dream;
kyaknya orang sedunia anak luculk banget pdhal lee jeno we love you;0
anak gapernah marah sayangg jenoo lee jeno we love you;
hate jeno jeno apain sebenci jeno ngehate pacar maju deh lee jeno we love you;-1
orang menampilkan senyum terindahnya apapun mark angel world health organization does n't know anger orang berdiri kokoh menguatkan membernya semoga dikelilingi hal-hal lee jeno we love you;1
jeno sayang bahagia iya hate komen kaya pantesnya dihujani cinta lee jeno we love you saranghaneun jenosi;-1
lee jeno we love you jujur banget ngirim pelet banyaknya kah oknum ngehujat jeno bucin sebucin-bucinnya lelaki pemilik eye smile;
sayang banget jeno keren hebat kerja keras buktinya iri prestasi tidak apa-apa tetep orang sayang jeno saranghaneun jenossi lee jeno we love you nctsmtown_dream;
si ganteng si manis si bikin orang senyum lihat senyum si attitude pokonya si palingnya lee jeno we love you;
awas iya berani ilangin senyum nya maa baby jn lee jeno we love you;-1
kesayanganku lee jeno we love you;
bring this legend back mengerti orang orang iri ngehate kayak jeno pribadi neko-neko sayang member he is angel lee jeno we love you lee jeno we love you saranghaneun jenossi lee jeno we love you saranghaneun jenossi nctsmtown_dream;1
seperfect mata jeno lee jeno we love you;
maju berani nyakitin jeno lee jeno we love you;-1
bisanya ngehate anak selucu jeno ku sentil anjing ginjal we love you lee jeno;-1
sayang banget jeno heran orang ngehate bahagia iya orang sayang lee jeno we love you;
anak anak deserve you deserve everything bagus in the world jeno lee jeno we love you nctsmtown_dream;
cowok bikin sebucin thank for come to my day lee jeno lee jeno we love you;0
ngehate pacar sok keras lebih baik bau lee jeno we love you nctsmtown_dream;0
pokoknya jeno gaboleh kehilangan senyum manisnya diaa kayak ginii yaa lee jeno we love you nctsmtown_dream;1
jeno anak nyakitin jahatin jeno maju semuaa lee jeno we love you;-1
orang tersenyum apapun orang berlagak kuat sedih bertalenta orang diblg talenta mata burem gapunya talenta lee jeno we love you;-1
ngehate jeno sii gemesin ngehatee hidup bahagia ngehate idol lebih baik ngehate beywann lee jeno we love you;-1
sayang jeno banyak-banyak lee jenoo we love you;
jn sender sayang banget jeno lee jeno we love you;
staff op sikap jeno layar jeno beneran berhak nerima kebaikan dunia dapetin lee jeno we love you;0
zeus fix this please koh sinyo siwon minions soop darah aespa bungkus night ep level renjun lee jeno we love you prada wx ya path kim seon ho nam joo hyuk nasida ria dior cewek;0
nyakitin adik kesayangan akuu yaa jeno ituu anak hebat kerenn captain kekuatan dreamies sayang banget jenoo yamg energi positif senyumanya orang tersenyum lee jeno we love you;
anak baikku anak gantengku pokoknya gabakal bosen bilang sayang jeno lee jeno we love you;
iya adek maniss aduh anak gemes nge hate ckk you deserve all the happiness senyum iya sayangg lee jeno we love you;0
lee jeno we love you anak bahagia iya;
hate jeno semoga jenkarma iya jeno anak neka-neko anteng ngapa-ngapain lee jeno we love you saranghaneun jenosi;-1
tertarik si anak jeno lee anak gemes kehilangan senyum tebar energi positif ngemong member bikin sjakkwhdjssv lee jeno we love you saranghaneun jenosi nctsmtown_dream;0
lee jeno my mood maker jeno si anak tidak bisa marah mark mah tertawa bahagia anak baikk many people loves we love you jeno;
gasuka jeno pdhal keren lohh lucu jugaa sayang semangat yaa dengarkan orang lee jeno we love you nctsmtown_dream;-1
jenofess sender maaf izin koreksi iya lee jeno we love you saranghaneun jenossi pakai ssi si pakai si it;0
dimana berhenti sayang jeno terduga hidupku lee jeno we love you;0
jahatin jeno tonjok lee jeno we love you;-1
berani nyakitin hati jeno jeno kesayangan dreamies sijeuni jeno gausah khawatir ko jen lee jeno we love you nctsmtown_dream;-1
whatssadness jenoo apapun hilangin senyuman mu iya nctzen dreamzen jenostan bersamamu;
unaurgirl aradayss cenah hastag nya mah lee jeno we love you sih ;0
sayang jeno nyakitin jeno jeno anak anak pinter bakat lee jeno we love you saranghaneun jenossi nctsmtown_dream;
yaelaahh si berani hate anak gemes maju sinii lee jeno we love you;-1
nyesel kenal lee jeno tersenyum kenal amarah suka jeno vokal bagus suka skip susah sih lee jeno we love you;
tidak tahu jeno sakitin jeno hilangin senyum indah jeno lawan jeno anak sakitin indah banget senyum jahat in jeno lebih baik lee jeno we love you;-1
sehat yaa jenoo semangat berkaryanya lee jeno we love you nctsmtown_dream;1
cowo ganteng cowo cowo lee jeno we love you;
anak anak keren anak hebat lee jeno we love you sayangg;1
jenoo terima kasih senyumnya jeno senyum senyum senyum jeno beneran tenang lee jeno we love you saranghaneun jenosi;1
jeno anak anak hebat ygselalu nunjukin senyum manis apapun keadaannya berusaha ngelakuin terbaik grup and fans sayang tolong bahagia yaa saranghaneun jenossi lee jeno we love you;1
sayangku gemes ganteng keren hebat seduniaa sayangg jeno banyakk banyakk lee jeno we love you;1
we love you lee jeno loveyouu nono kesayangann;1
flatshoes sol tebal link cek harga voucher toko garansi bungkus night path gaby nasida ria anies gaske solo congratulations lisa girls day kim seon ho sendal siwon lee jeno we love you dobby dewa united nam joo hyuk dior lukaku tgup apollo;0
buka lee jeno we love you isinya bikin menangis terima kasih support jeno yah sakitnya lumayan terobati berkat penenang;1
kesayangan sayang nya orang anak anak kereen si ganteng lucuu nenoo deserve all hapinness in this world be bahagia sayang ku lee jeno we love you ily nctsmtown_dream;1
berani nyakitin anak suka merhatiin jeno si anak gemesin kapten sayang orang jagain member percaya sahabat sejati lee jeno we love you nctsmtown_dream;
nyenyoo anak lee jeno we love you;0
berani jahatin lijen akuu uri best boy best captain orang lijen jahatin sih dunia we love you lee jeno nctsmtown_dream;
maju loh ngehate kah jeno berani beraninya nyakitin kapten ngerasain tampolan maut iya lee jeno we love;
ternyatadiss siapaa jahatinn gatengnyaa akuu woyy hidup tenang dehh yakinn lee jeno we love you nctsmtown_dream;
lee jeno we love you pemilik senyum terindah versi ku;1
siapaa jahatinn gatengnyaa akuu woyy hidup tenang dehh yakinn lee jeno we love you nctsmtown_dream;
sesayang jen we love you lee jeno nctsmtown_dream;
tendang iya sikilmu wani wani nge hate jeno lee jeno we love you nctsmtown_dream;-1
masuk trend jeno time bareng k-njen banget iya jam wib indonesia nya terimakasih sekian penjelasan nya ayo kencengin lee jeno we love you saranghaneun jenosi;
sijeuni sayang jeno cause senyum beneran bikin candu penyemangatan tersendiri mengaku sij uni ngehate jeno dih antis lee jeno we love you;
sempurna banget jeno mangkanya orang iri captain hebat dreamies hebat banget kekuatan dreamies 'm proud of you and love you be bahagia lee jeno we love you nctsmtown_dream;
jeno iya dengarkan omongan iri pokoknya nono anak sayang nono dukung jeno pokoknya love ngehate jeno doain semoga senin lee jeno we love you;
lee jeno we love you anak;
berani nyakitin pacar ku ganteng tonjok sijeuni hah lee jeno we love you lee jeno we love you lee jeno we love you lee jeno we love you;-1
berani hate bayi mnusia dngan snyum trmnis nya pda hujat mnusia iri dengki bnyak diats bumi syang jeno bnyak syang makhluk ska kmu klah syang kmu lee jeno we love you;-1
si bilang jenostan biasin jeno krna visual sotau prna nnton bakat jeno kah jeno anak ana;
nickklodeon tega ngejahatin anak segemes disayang kalau begitu lee jeno we love you;
cayongg berani beraninya sakitin cowo maju fight me btchh lee jeno we love you ;1
kimbunnyncity orang ganteng lee jeno we love you;
gldwnknnrd sih berani hate pacar maju coba enak pacar seganteng jagad raya hate nctsmt;
bbyjenana jenn sijeni sayang banget kamuu you 're the only one bikin sijeni senyum-senyum kah;
marcastiway plis atu iya heh lee jeno we love you isi tweet nya bikin menangis banget lia;
nanonanocutie pacarku segemes ngehujat jitak iya kepalanya lee jeno we love you;
lijenow jen orang jahat jauhh dibawah iya it 's okay anji;
strawbeyyjoe jeno ketemu real banget bilang love in every universe aa lee jeno we love you nctsmtown;
ejnaemin kemampuan sempurna halnya jeno menerus;
jenofess tidak tahu sesayang jeno ngubah hidup tenang lihat senyum jeno thank you for making my life more colorful and making me survive until now lee jeno we love you;
banget sayang jeno jeno sehat yaa bosen bilang lee jeno we love you saranghae jeno;
jn trend indonesia teman-teman terima kasih iya sayang jeno anak baikk lee jeno we love you;1
pacarku segemes ngehujat jitak iya kepalanya lee jeno we love you;
jeno anak lucu menebarkan senyumnya humble kah orang baik-baik captain dream da best bahagia iya jeno dengarkan orang membenci okayy lee jeno we love you nctsmtown_dream;
tega ngejahatin anak segemes disayang kalau begitu lee jeno we love you;
jeno ku sayang si ganteng si lucu si pemberani si kuat tiang nya dream love you puppy lee jeno we love you;
kemampuan sempurna halnya jeno menerus sempurna dimataku sempurna captain dreamis we love you lee jeno nctsmtown_dream;
lee jeno we love you lemah lesuh loyo lunglai lee jeno;0
anak anak lucu anak gemes hate everything will be oky jen lee jeno we love you lee jeno we love you lee jeno we love you;
sayang banget jelek banget menangis kangen jenoo gasi lee jeno we love you;
lee jeno mengenalmu ketertarikanmu kah posisi dimana alasan bertahan bahagia bilang hahaha jeno tetep bahagia iya lee jeno we love you;
wts jeno photolugage dreaming bagus condi ngepull dibawa idr nett freeongkir inc safety packaging+freebies keep event smpe dp jaksel lee jeno we love you baju putih dreaming lugage wts wtt wtb;0
antis tetaplah menggonggong jeno bersinar sukses terkenal lee jeno anak tampan talenta ketikan buruk antis memengaruhi kesuksesan jeno bersinar bintang lee jeno we love you;
lee jeno we love you sayang banget;
ko hate jeno yaa lee jeno we love you;
jeno terima kasih kah kehidupan ku alasan ku bahagia lee jeno we love you lee jeno we love you nctsmtown_dream;
sayang ku ganteng inii kesayangan nya sijeuni ngehate buta gmna sih kucolok mata nya lee jeno we love you lee jeno we love you lee jeno we love you;
nya lee jeno we love you ngungkapin sayangnya sijeuni kah jeno dikenal juga sebagai captain kesayangan gemoy iya anak ketar-ketir menjalani;
berani jahatin jeno lee jeno we love you;0
sayang nya jahatin iya jeno anak hate jn maju anjing lee jeno we love you;-1
lee jeno we love you tidak tahu;0
lee jeno anak anak multitalenta jeno captain terbaik bahagia iya jen dengarkan orang-orang jahat diluar iya we love you jeno;
nct lapak 'we love you lee jeno hype yaa;
nyakitin anak baikku gapernah nyakitin please enyah kasih hate speech kah jeno lee jeno we love you lee jeno we love you lee jeno we love you lee jeno we love you lee jeno we love you lee jeno we love you nctsmtown_dream;
sayang banget jeno hebat energi positif orang bahagia iya jeno orang sayang lee jeno we love you saranghaneun jenosi nctsmtown_dream;
jeno anak pinter pulaa lee jeno we love you nctsmtown_dream;
sayang jeno sedunia bahagia iya jeno sayang jeno lee jeno we love you nctsmtown_dream;
berani beraninya sakitin cowo maju fight me btchh lee jeno we love you ;-1
berani sakitin pacarku ayo baku hantam lee jeno we love you;
jeno anak lee jeno we love you nctsmtown_dream;
chicojeno please sampek jahatin jeno berharga banget sakithe deserves lot of;
nge hate jeno maju bisanya anak hujat lee jeno we love you;-1
gozeal analog watches link darah bungkus night lee jeno we love you congratulations lisa fix this please nasida ria ekonomi indonesia melonjak;0
lafyu sayangnya lee jeno we love you;1
nge hate jeno spesial fans member paham salah kebahagiaan orang captain hebat kuat iya sih iri visualnya spesial nya visual lee jeno we love you;
selamat malam lee jeno orang ngehate jeno biarin siang malam dihidupnya lee jeno we love you nctsmtown_dream;
jeno anak jeno anak hebat jeno anak keren sayang banyakk jeno ngehate jeno pergi lee jeno we love you;1
ngehate orang ngaca jeno manusia malaikat diciptain tuhan baiknya gapernah ngeluh gapernah bilang lelah bener bener indah dimata sijeuni tenang jen terdepan jaga lee jeno we love you;
ayo drop lee jeno we love you sebanyak-banyaknyaa jn;
nanonanocutie anak selucu dihujat gila ku kah hah lee jeno we love you;-1
jeno anak anak ganteng pantes dicintai orang beraninya jahatin jeno mata lee jeno we love you lee jeno we love you lee jeno we love you lee jeno we love you lee jeno we love you lee jeno we love you nctsmtown_dream;
anak ganteng anak my precious jeno lee lee jeno we love you nctsmtown_dream;1
si bilang jenostan biasin jeno krna visual sotau prna nnton bakat jeno kah jeno anak anak ganteng talenta super banyakk do n't deserve all the hate lee jeno we love you;-1
nyakitin kasep nya lee jeno we love you;
nostalgia jajanan jadoel thread favorit dear anak darah secret number win hot stage congratulations lisa jujur pakai listrik bungkus night lee jeno we love you junkyu;0
jeno berharga taukan sayang bgtt pokonya bahagia gausah dengarkan gapenting ok lee jeno we love you lee jeno we love you lee jeno we love you nctsmtown_dream;
ngetik intinya sesayang lee jeno kenal lee jeno we love you lee jeno we love you nctsmtown_dream nctsmtown_dream;
please sampek jahatin jeno berharga banget sakithe deserves lot of love lee jeno we love you nctsmtown_dream;
anak selucu dihujat gila ku kah hah lee jeno we love you;
orang bikin senyum pudar lee jeno we love you;
orang sayang jeno kecuali orang suka lee jeno we love you;
si keren kesayangan akuu lee jeno we love you;
sayang jeno lee jeno we love you nctsmtown_dream;
jenofess njen drop lapak lee jeno we love you biar hype jn;0
jn ayo teman-teman drop lee jeno we love you;1
jeno semoga dikelilingi manusia manusia jahat jahat enyah jeno do n't deserve hate komen apapun negatif lee jeno we love you;1
biarin yaa jen gausah dengarkan banyak bicara sayang banget dengarkan orang yaa lee jeno we love you;1
manusia-manusia jahat dilarang deketin jeno lee jeno we love you;-1
lee jeno we love you sayang banget manusia hri bikin mood sehat sehat iya lee jeno;1
jenoo apapun hilangin senyuman mu iya nctzen dreamzen jenostan bersamamu dukung spesial berharga lee jeno we love you;1
iya hate jeno dijahatin jeno sebenci jeno lee jeno we love you;
jeno ketemu real banget bilang love in every universe aa lee jeno we love you nctsmtown_dream;
si berani kah jeno tabok nii bsbs nya hate speech kah anak gemes inii tega banget idie tidak apa-apa jen lebi sayang kmu pda egk jlas hate ngangngongngangngong lee jeno we love you lee jeno we love you nctsmtown_dream;-1
jen orang jahat jauhh dibawah iya it 's okay anjing ngegonggong kali iya lee jeno we love you;
ngehate jeno sumpahin bucin mampus lee jeno we love you;-1
boleeh nyakitiin anak inii lihatt senyum indah diaa lihatt awas iya jahatin ku injek jempol kakinya lee jeno we love you;-1
nyakitin sayang hayok maju ngajak ribut tertawa lee jeno we love you lee jeno we love you lee jeno we love you lee jeno we love you lee jeno we love you;-1
jeno definisi orang mendekati sempurna anjing anjing gonggong bilang tidak apa-apa jeno anggota dreamies anak nct czennie ngelindungi lee jeno we love you;-1
jeno anak kakak dijahatin melulu jahat preman pasar sono gantengnya suka hate jeno mukanya goreng patut jigah rametuk jahe lee jeno we love you nctsmtown_dream;0
lee jeno we love you sayang manis seduniaa anak;
sayang kuu lee jeno we love you;
restu mama papa bismillahirrahmanirrahim lee jeno we love you nctsmtown_dream;0
siapaa jahatin anak iya jahatin anak lee jeno we love you;
jeno Cuma captain kekuatan dreamies sosok kakak diandalkan adik lucu sosok jeno hebat mata fans jeno rapper keren visual indah dancer menakjubkan lee jeno we love you nctsmtown_dream;1
maju loh ngehate kah jeno berani beraninya nyakitin kapten ngerasain tampolan maut iya lee jeno we love you nctsmtown_dream;-1
plis atu iya heh lee jeno we love you isi tweet nya bikin menangis banget liatin fancam nya jeno anak bikin hati adem lihat senyum nya lee jeno anak suka aneh aneh deh yaa nyakitin;
sender maaf izin koreksi iya lee jeno we love you saranghaneun jenossi pakai ssi si pakai si time diganti ijeno jn lee jeno thank you;
jeno lee si sosok penyabar hati senyum gemesin jarang ngelihatin amarahnya sosok kakak adik disayang anak nct positif vibes sayang jeno lee jeno we love you nctsmtown_dream;
orang hate jeno lee jeno we love you;0
sih berani hate pacar maju coba enak pacar seganteng jagad raya hate nctsmtown_dream lee jeno we love you;-1
ngehate pacar anjing weh weh gaterima woee jeno inii hate gelut lee jeno we love you;-1
buka tweet kaget banget berani nyakitin jeno maju anjing lee jeno we love you nctsmtown_dream;
orang iri suka nyinyir gajelas dengarkan ok lee jeno we love you nctsmtown_dream;-1
sayang anak lee jeno we love you nctsmtown_dream;
sayang nono banyakk banyakk lee jeno we love you;
bilang jeno tiang terkuat dreamies arti kekuatannya dream jeno nampilin senyum indahnya apapun orang dingin tidak acuh sosok andalkan lee jeno we love you nctsmtown_dream;1
laahh trendingnya hate terlambat ngucapin birthday kah sijeuni lupa kali habis kah covid kemarin jadwal promo beatbox sembuh manggung lee jeno we love you nctsmtown_dream;
orang ganteng lee jeno we love you;0
sinii berani nyakitin orang berantem guee lee jeno we love you;-1
jenn sijeni sayang banget kamuu you 're the only one bikin sijeni senyum-senyum ketawa bahagia looking at you you did well lee jenoo lee jeno we love you lee jeno we love you lee jeno we love you;1
eh buka tweet berani jahatin pacar maju lee jeno we love you nctsmtown_dream;-1
njen drop lapak lee jeno we love you biar hype jn;0
jeno tranding lee jeno we love you jeno-ya;0
starshjn maju brani jahatin cowo lee jeno we love you nctsmtown_dream;-1
tolong sekejam anak lee jeno we love you;-1
maju brani jahatin cowo lee jeno we love you nctsmtown_dream;-1
jeno kesayangan sijeuni lihat unrealnya lihat indahnya dasar manusia otak jahat iri lee jeno we love you;-1
senyum nya indah banget sayang lee jeno we love you nctsmtown_dream;
my mood booster dikala gempuran penulisan hasil pembahasan kelar-kelar lee jeno we love you;1
jenofess sehari rnb akun iya ngehate jeno lee jeno we love you lee jeno we love you lee jeno we love you;
gaakan bosen bilang sayang banget lee jeno we love you nctsmtown_dream;
jenofess maaf out of topic iya lee jeno we love you nctsmtown_dream;0
njen sender sedih banget tolong rep lee jeno we love you tag akun dream jn do n't deserve all of hates;
